{
    "name": "Cube_Cube.002Geometry",
    "faces": [33,0,1,2,3,0,1,2,3,33,1,4,5,2,1,4,5,2,33,4,6,7,5,4,6,7,5,33,6,0,3,7,6,0,3,7,33,4,1,8,9,4,1,8,9,33,1,0,10,8,1,0,10,8,33,0,6,11,10,0,6,11,10,33,6,4,9,11,6,4,9,11,32,10,11,12,10,11,12,32,11,9,12,11,9,12,32,10,12,8,10,12,8,32,9,8,12,9,8,12],
    "uvs": [],
    "normals": [-0.431623,0.826502,0.361309,-0.419752,0.758995,-0.497696,-0.641469,0.49266,-0.588031,-0.517289,0.651387,0.55501,0.419752,0.758995,-0.497696,0.641469,0.49266,-0.588031,0.431623,0.826502,0.361309,0.517289,0.651387,0.55501,-0.287942,0.927,-0.240272,0.287942,0.927,-0.240272,-0.173925,0.964629,0.197943,0.173925,0.964629,0.197943,0,0.959044,-0.283151],
    "vertices": [-0.25,0.5,0.146192,-0.25,0.5,-0.353808,-0.5,0,-0.5,-0.5,-0,0.5,0.25,0.5,-0.353808,0.5,0,-0.5,0.25,0.5,0.146192,0.5,-0,0.5,-0.171279,0.5,-0.275087,0.171279,0.5,-0.275087,-0.171279,0.5,0.06747,0.171279,0.5,0.06747,0,1.14712,-0.311],
    "metadata": {
        "faces": 12,
        "normals": 13,
        "uvs": 0,
        "generator": "io_three",
        "vertices": 13,
        "type": "Geometry",
        "version": 3
    }
}